id,first_name,last_name,job_title,team_id,salary,company_entry,date_birth
1,Sherwin,Ochterlony,Civil Engineer,1,128334.23,2002-09-03,1948-09-07
2,Aldus,Gold,Developer III,1,72796.7,2011-04-25,1958-01-05
3,Arlene,Wasmer,Engineer IV,2,91426.02,2002-01-29,1982-08-31
4,Blondell,Roderick,Nurse,3,125504.36,2001-09-16,1992-05-07
5,Yvonne,Sherbrooke,Budget/Accounting Analyst I,8,86471.73,2021-04-05,1946-12-26
6,Stephani,Doubleday,Junior Executive,1,99478.23,2011-07-18,1990-07-23
7,Ennis,Struys,Legal Assistant,5,57566.48,2009-11-05,1989-07-08
8,Darda,Slatter,Assistant Media Planner,4,86674.73,2017-05-03,1987-05-08
9,Porter,Congrave,Programmer Analyst IV,3,108243.75,2021-05-19,1983-10-30
10,Salomone,Wakeley,Quality Engineer,4,120729.79,2013-01-25,1998-10-31
11,Iolanthe,Greir,Media Manager III,6,123339.48,2009-10-01,1955-04-24
12,Ruddy,L'Homme,Nuclear Power Engineer,9,101132.1,2001-09-06,1948-06-12
13,Zia,Kernley,Biostatistician I,7,15454.44,2014-03-31,1960-11-04
14,Cornie,Riche,Social Worker,5,64165.87,2021-06-03,1972-09-12
15,Raoul,Thiolier,Staff Scientist,8,114073.95,2019-09-27,1987-01-23
16,Gabriella,Johanssen,Assistant Professor,2,32482.67,2008-10-09,1952-07-18
17,Claybourne,Proschke,Chemical Engineer,7,93549.74,2004-10-31,1993-07-15
18,Tim,Trewhella,Operator,2,86118.21,2018-02-24,1983-10-04
19,Janelle,Duer,Administrative Officer,3,98085.19,2008-12-03,1993-11-04
20,Ana,Pautot,VP Sales,5,44304.23,2002-09-06,1970-08-12
21,Catharina,Rochford,Statistician II,7,44913.23,2020-03-28,1993-06-06
22,Shepperd,Bauchop,Community Outreach Specialist,6,85885.35,2019-07-02,1960-12-16
23,Stephannie,De Winton,Geological Engineer,6,77796.94,2007-10-12,1986-03-08
24,Gerti,Grinston,Marketing Manager,7,99009.28,2013-06-04,1973-10-10
25,Louis,Brandon,Geological Engineer,10,98929.53,2001-04-01,1967-03-03
26,Randy,Huxstep,Senior Cost Accountant,10,107063.38,2020-08-05,1974-05-07
27,Sinclare,Loutheane,Executive Secretary,8,46940.06,2012-06-11,1959-03-09
28,Clerc,Malcolmson,Assistant Manager,9,113866.12,2001-05-16,1955-09-03
29,Michal,Byatt,Automation Specialist II,7,69151.73,2019-03-11,1989-04-21
30,Nanon,Dooney,Compensation Analyst,3,61550.21,2008-03-13,1945-11-07
31,Mile,Boydell,Systems Administrator III,9,115308.71,2015-05-20,1950-09-11
32,Carr,Edds,General Manager,5,37579,2001-03-11,1990-03-31
33,Allix,Rubinowitch,Chief Design Engineer,6,126899.96,2019-06-16,1966-12-11
34,Corey,Harbottle,Analyst Programmer,5,130121.04,2015-10-09,1980-02-02
35,Ilaire,Imrie,Director of Sales,9,90686.13,2009-12-19,1995-07-21
36,Tiffi,Farncombe,Research Assistant III,1,92521.28,2013-05-31,1976-01-12
37,Gavra,Borgars,Nuclear Power Engineer,9,100622.43,2022-04-19,1978-03-18
38,Parrnell,Kilby,Information Systems Manager,10,145697.29,2018-02-22,1999-09-15
39,Aileen,Tearney,Librarian,2,116194.74,2007-09-16,1961-03-08
40,Sonya,Baythrop,Food Chemist,6,143257.46,2019-05-23,1947-05-27
41,Cherilynn,Mannakee,GIS Technical Architect,8,133164.18,2002-07-28,1988-06-06
42,Agustin,Cheves,Software Consultant,8,30143.87,2005-10-08,1960-10-07
43,Jacky,Gribben,Data Coordinator,2,124266.28,2005-05-13,1984-01-20
44,Lyle,Dufaur,Account Coordinator,7,136648.33,2001-10-12,1954-06-17
45,Shir,Rimer,Quality Engineer,6,19092.9,2012-09-14,1956-12-06
46,Bathsheba,Cregin,Statistician II,1,50381.35,2012-09-20,1959-06-25
47,Rosanne,Lalonde,Paralegal,4,134798.26,2004-09-13,1959-11-22
48,Ignazio,Apfel,Computer Systems Analyst IV,2,17785.49,2012-03-03,1964-09-24
49,Lukas,Verring,Legal Assistant,5,132631.91,2020-04-06,1949-10-11
50,Ingelbert,Holme,Assistant Media Planner,1,58482.94,2016-07-19,1970-11-22
51,Kiley,Grzegorzewicz,Chief Design Engineer,9,131032.2,2013-04-14,1958-04-21
52,Vivian,Lindsey,Environmental Specialist,9,83430.88,2019-11-17,1947-10-13
53,Gene,Symmons,Senior Cost Accountant,7,20829.16,2017-04-28,1957-07-25
54,Jourdain,Gillies,Dental Hygienist,3,111756.32,2013-03-14,1999-07-23
55,Willamina,Lyles,Dental Hygienist,1,100942.56,2007-05-31,1967-07-17
56,Jeanelle,Rappaport,Accounting Assistant I,8,135796.11,2019-06-09,1978-02-28
57,Viva,Shapland,Physical Therapy Assistant,3,49793.13,2015-11-07,1984-02-08
58,Jonah,Burtwistle,Pharmacist,2,113817.22,2003-01-18,1996-06-20
59,Suzi,Rainey,Budget/Accounting Analyst IV,1,17208.38,2006-03-08,1980-09-05
60,Marijo,Coatsworth,Data Coordinator,6,28555.95,2021-01-26,1948-06-19
61,Liv,Markie,Help Desk Technician,9,142607.43,2013-04-05,1968-08-09
62,Wright,Barribal,Structural Analysis Engineer,7,98965.05,2016-04-12,1945-06-26
63,Raquel,Barrat,Account Coordinator,1,25750.45,2016-12-17,1985-12-30
64,Flemming,Stanborough,Registered Nurse,3,16025.08,2008-02-17,1946-06-26
65,Celeste,Ripsher,Automation Specialist III,4,102440.11,2014-07-24,1943-03-20
66,Brear,Chaize,Assistant Professor,2,50265.63,2022-04-24,1994-12-18
67,Roseanne,Yaakov,Programmer Analyst I,5,26466.68,2006-10-30,1989-02-12
68,Rosabella,Ulyet,Administrative Officer,6,68378.44,2015-08-21,1971-01-06
69,Zelda,Vader,Sales Associate,3,143269.69,2007-09-10,1987-07-28
70,Virginia,Finley,Sales Representative,7,40725.07,2001-08-10,1989-03-09
71,Peg,Alabaster,Chief Design Engineer,5,34020.36,2010-03-05,1996-10-29
72,Timofei,Calver,Occupational Therapist,8,125833.72,2009-04-25,1955-02-09
73,Kurt,Stickins,VP Sales,5,17936.27,2013-05-27,1998-10-05
74,Margalo,Geraldez,Web Developer IV,5,60772.66,2021-01-07,1950-03-06
75,Ivett,Teaz,Occupational Therapist,8,50752.47,2013-02-25,1946-06-17
76,Gabbey,Verrechia,Payment Adjustment Coordinator,1,42120.95,2009-08-15,1977-11-16
77,Bendite,Camock,Systems Administrator I,3,122304.12,2002-07-03,1949-01-01
78,Sybilla,Bradneck,VP Marketing,9,127499.67,2015-05-18,1960-03-31
79,Tamar,Capel,Graphic Designer,7,99872.31,2011-04-04,1971-03-25
80,Ophelie,Dillistone,Biostatistician II,4,23241.71,2006-11-30,1944-06-13
81,Manon,Frowing,Human Resources Manager,4,143261.35,2014-02-21,1946-06-19
82,Lester,Greensitt,Statistician II,8,146240.83,2021-08-16,1971-01-19
83,Mirilla,Tear,Community Outreach Specialist,5,34437.59,2011-12-23,1990-10-12
84,Fran,Tunnick,Business Systems Development Analyst,10,97227.13,2005-07-22,1961-03-07
85,Marietta,Stirgess,Physical Therapy Assistant,5,26807.07,2020-05-21,1987-09-23
86,Joly,Bessey,Human Resources Assistant I,4,84161.03,2010-03-01,1958-10-15
87,Faun,Kingwell,Actuary,5,26196.12,2011-09-09,1968-12-17
88,Farlie,Impey,Legal Assistant,3,121192.56,2022-05-04,1954-08-22
89,Saunders,Hyslop,Recruiter,1,18508.72,2012-08-17,1951-02-11
90,Marley,Tharme,Project Manager,4,39812.11,2012-11-13,1963-08-20
91,Stormi,Doward,Dental Hygienist,3,120317.8,2019-12-04,1996-02-27
92,Roby,Rambadt,Legal Assistant,6,90170.62,2015-12-02,1978-08-13
93,Giselbert,Hinkley,VP Quality Control,8,26451.77,2019-03-30,1986-07-21
94,Bradly,Ottley,Analyst Programmer,9,58075.51,2021-03-03,1993-05-09
95,Clemente,Podmore,Help Desk Operator,7,24967.65,2005-08-28,1989-06-10
96,Gard,MacGilmartin,Design Engineer,5,90973.85,2004-11-13,1951-03-30
97,Cad,Pearn,Design Engineer,1,50022.28,2013-11-16,1986-09-13
98,Grantley,Byres,Financial Advisor,4,142854.92,2017-09-14,1982-04-02
99,Wadsworth,Christopher,General Manager,7,33698.71,2006-09-07,1987-04-23
100,Aggie,Littrik,Assistant Media Planner,,60769.47,2005-01-16,1968-02-04
101,Debbie,Paskins,Research Nurse,9,32261.5,2009-09-27,1985-07-12
102,Iosep,Spillard,Chemical Engineer,5,78945.15,2009-10-05,1947-12-21
103,Virginie,Kindley,Dental Hygienist,10,,2001-03-16,1988-05-31
104,Edmund,Givens,Safety Technician I,4,79983,2007-09-11,1993-01-23
105,Roscoe,Sealeaf,Analog Circuit Design manager,3,43205.3,2020-08-09,1955-10-24
106,Alicia,Khoter,VP Accounting,9,53766.04,2017-09-18,1958-05-01
107,Barbette,Leney,Physical Therapy Assistant,7,102192.31,2003-05-09,1999-02-17
108,Abdul,Sirman,Pharmacist,4,,2010-12-27,1949-12-05
109,Hilda,Connow,Compensation Analyst,1,92617.48,2018-06-25,1954-05-14
110,Jo,Nevin,Electrical Engineer,2,34224.43,2005-10-15,1984-12-04
111,Debra,Brassill,Community Outreach Specialist,2,105399.93,2010-06-24,1988-09-07
112,Lion,Martynov,Nuclear Power Engineer,1,34418.35,2003-03-14,1970-09-09
113,Johannes,Bennitt,Senior Editor,7,,2016-01-28,1972-05-13
114,Maurene,Quantrell,Budget/Accounting Analyst IV,5,71147.03,2020-08-19,1960-08-06
115,Mariellen,Stittle,Safety Technician IV,4,40060.75,2003-10-29,1964-01-30
116,Earvin,Densham,Account Representative III,9,131339.04,2021-11-30,1954-11-13
117,Charlton,Nielson,General Manager,4,128887.36,2005-02-12,1995-06-29
118,Joyous,Sawrey,Food Chemist,10,107168.26,2008-02-02,1945-12-26
119,Clementina,Louiset,Web Designer III,10,119935.52,2020-09-29,1988-04-21
120,Fabian,Thorneloe,Research Nurse,2,67966.54,2019-03-15,1947-04-16
121,Paten,Winscum,Software Consultant,5,44640.55,2019-07-28,1990-12-10
122,Guilbert,Koppelmann,Legal Assistant,7,82385.42,2018-10-27,1969-05-22
123,Ingamar,Curnnokk,Research Assistant II,5,20956.05,2014-06-09,1980-01-22
124,Evelyn,Mattin,Editor,8,87485.18,2016-01-16,1982-05-10
125,Nara,Rauprich,Software Consultant,3,49443.7,2015-05-31,1997-12-30
126,Pepi,Linggood,Chemical Engineer,7,111212.35,2020-05-11,1964-07-14
127,Karla,Elam,Quality Control Specialist,9,49287.52,2005-09-22,1973-05-10
128,Filmore,Harnetty,VP Sales,2,62398.03,2014-06-14,1973-09-13
129,Anthiathia,McShirrie,Senior Developer,3,112142.7,2014-01-31,1996-06-04
130,Winny,Stack,Occupational Therapist,9,144341.13,2021-04-10,1990-11-28
131,Anjanette,McCourt,Speech Pathologist,3,128690.91,2001-06-10,1947-08-23
132,Olivie,Conrard,Technical Writer,1,91541.86,2021-08-11,1962-02-20
133,Dannie,Peedell,Professor,3,143054.96,2022-03-16,1964-03-03
134,Nadia,Shaves,Financial Advisor,9,27100.56,2010-04-30,1987-07-04
135,Babbette,Hickisson,Mechanical Systems Engineer,2,83255.34,2021-04-17,1967-04-20
136,Ara,Sones,Electrical Engineer,6,140442.98,2008-04-18,1954-12-11
137,Audrye,Lovick,Computer Systems Analyst I,10,141882.57,2016-01-30,1993-07-04
138,Pierson,Branigan,Staff Scientist,4,47757.81,2002-07-15,1987-10-05
139,Chelsy,Rapson,Accounting Assistant IV,1,134468.31,2022-04-05,1968-10-09
140,Muriel,Lovick,Web Designer IV,7,93760.89,2001-03-30,1946-02-23
141,Erroll,Cossentine,VP Quality Control,8,15273.6,2004-02-01,1971-12-25
142,Emilia,Taffie,Environmental Specialist,5,89966.97,2008-07-05,1977-09-16
143,Spencer,Gertz,Software Test Engineer II,7,125635.37,2013-02-02,1990-03-28
144,Julian,McVaugh,Sales Representative,9,65029.93,2006-03-26,1971-04-30
145,Shannon,Dransfield,Research Assistant III,5,114817.29,2002-09-27,1971-06-13
146,Leeann,Paolacci,Environmental Specialist,8,60921.99,2007-05-22,1970-07-25
147,Vassili,Rappoport,Biostatistician IV,9,108182.41,2011-08-15,1961-03-05
148,Cindelyn,Persich,Research Nurse,6,35202.53,2016-01-01,1983-01-08
149,Phyllys,Redolfi,Pharmacist,9,148181.64,2011-06-26,1960-05-03
150,Daile,Beetles,Clinical Specialist,1,97435.79,2005-08-11,1974-08-25
151,Hymie,Fetteplace,Nuclear Power Engineer,6,124022.09,2010-07-15,1985-04-19
152,Jeanine,Felton,Environmental Tech,2,94667.42,2008-08-15,1952-06-29
153,Stesha,Messham,Director of Sales,5,132488.35,2020-10-04,1976-07-21
154,Felipe,Pionter,Sales Representative,10,18462.68,2009-08-20,1969-09-06
155,Bentlee,Kienzle,Web Developer II,5,72552.99,2017-05-05,1954-02-09
156,Rania,Manion,Cost Accountant,5,78411.97,2018-04-18,1957-01-01
157,Kellyann,Dowber,Safety Technician I,9,83574.45,2001-04-12,1944-10-05
158,Charleen,Presshaugh,Tax Accountant,9,146080.06,2003-05-31,1949-04-25
159,Corie,Dunn,GIS Technical Architect,7,114989.68,2017-11-21,1964-04-05
160,Caspar,Sinclaire,Environmental Tech,6,125372.03,2010-09-18,1982-03-25
161,Linn,Hadcock,Staff Scientist,9,37446.55,2006-08-20,1994-09-28
162,Billy,Bilby,VP Product Management,8,98902.74,2019-11-22,1979-12-03
163,Jonah,Skures,VP Quality Control,5,74060.45,2020-07-13,1989-02-23
164,Netti,Arblaster,Operator,2,82069.56,2001-06-04,1966-07-23
165,Emelda,Ekless,Financial Advisor,1,149999.41,2020-08-03,1960-04-20
166,Patricio,Mersey,Business Systems Development Analyst,5,59848.58,2001-02-04,1963-04-03
167,Jerome,Topaz,Payment Adjustment Coordinator,5,58518.49,2021-06-01,1988-03-30
168,Ameline,Roulston,Desktop Support Technician,9,15724.72,2011-04-25,1972-02-25
169,Morna,Sandiland,Project Manager,5,133923.72,2017-09-24,1975-12-20
170,Robyn,Trowl,Safety Technician II,6,140735.72,2006-01-23,1956-12-27
171,Kristina,Jandl,Assistant Media Planner,7,95133.84,2017-09-03,1977-03-12
172,Suzie,Gioani,Senior Quality Engineer,5,120609.43,2001-03-25,1976-03-09
173,Margit,Suermeier,Geologist IV,9,136186.95,2021-11-04,1982-09-28
174,Lynne,Bernhard,Accountant IV,6,34257.04,2003-08-24,1953-05-07
175,Yoko,Wallbank,Librarian,1,72158.88,2007-02-01,1964-05-31
176,Fraze,Czapla,Junior Executive,5,114520.74,2005-03-21,1950-10-05
177,Ainslie,Form,Mechanical Systems Engineer,8,130726.46,2017-10-11,1973-11-25
178,George,Clearie,Web Designer III,8,142884.75,2015-02-09,1987-06-26
179,Lauri,Fisbburne,Associate Professor,6,17383.81,2003-03-14,1992-10-08
180,Erroll,Orrock,Food Chemist,6,71764.49,2003-02-28,1955-11-15
181,Timotheus,Jarrett,Occupational Therapist,10,26203.83,2016-09-23,1974-09-01
182,Yancy,Whitaker,VP Sales,2,62885.47,2006-11-12,1950-09-19
183,Genni,Osbaldeston,Graphic Designer,4,54065.65,2013-01-10,1971-04-14
184,Drucill,Prettyman,Teacher,4,33855.59,2015-03-05,1975-01-06
185,Claude,Schusterl,Assistant Manager,10,102027.24,2004-10-05,1960-06-27
186,Barbara,Hadlow,Actuary,8,23029.7,2008-09-11,1960-12-08
187,Jacquenetta,Baythrop,Compensation Analyst,9,49196.83,2019-03-06,1985-04-04
188,Tallulah,Henlon,Actuary,5,81650.29,2004-02-26,1955-01-28
189,Mari,Ast,Developer II,9,73769.89,2020-05-18,1981-07-09
190,Panchito,Wilsdon,Chief Design Engineer,1,76673.63,2017-09-22,1957-05-18
191,Vladimir,Benbow,Health Coach IV,3,112197.48,2017-11-12,1972-09-14
192,Obadiah,Roads,Accountant IV,5,126564.08,2020-06-06,1993-10-29
193,Dee dee,Bauman,Health Coach I,10,29724.56,2016-10-20,1988-08-31
194,Bab,Jiranek,Business Systems Development Analyst,6,77938.35,2022-02-23,1994-05-04
195,Kerk,Lavelle,Recruiter,5,57515.93,2014-11-24,1976-12-06
196,Maitilde,Brampton,Computer Systems Analyst III,1,121795.25,2006-08-28,1982-12-15
197,Caro,Hanwright,Speech Pathologist,5,148532.62,2010-04-21,1954-12-13
198,Tedie,Kinder,Food Chemist,9,53074.98,2018-07-14,1957-10-15
199,Paolina,Ewin,Senior Editor,10,36344.2,2014-06-01,1984-05-06
200,Ellery,Dachs,Project Manager,6,59865.31,2005-11-21,1994-05-15
201,Wylie,Reith,Accountant IV,4,52740.12,2007-01-26,1994-01-07
202,Fran,Ballston,Media Manager II,7,68168.11,2004-09-02,1949-04-04
203,Elliott,Naughton,Statistician IV,1,35858.98,2012-04-19,1992-03-15
204,Toinette,Benedit,Accounting Assistant I,7,28184.42,2013-12-14,1944-08-17
205,Wileen,Miskimmon,Associate Professor,6,21407.38,2002-08-27,1992-07-08
206,Abrahan,Dibben,Paralegal,9,82813.18,2011-04-13,1965-02-01
207,Norri,Crouch,Research Assistant II,5,143817.4,2022-04-11,1994-11-07
208,Kalindi,Buckwell,Administrative Officer,7,83988.06,2012-02-02,1970-05-26
209,Maisie,Harman,Web Developer III,2,85136.17,2010-09-05,1983-07-16
210,Franciska,Hayth,Cost Accountant,10,40045.57,2012-09-15,1951-07-08
211,Andriette,Reay,Programmer II,2,90555.23,2020-10-02,1997-04-21
212,Niven,Pettecrew,Financial Advisor,2,60681.06,2010-10-19,1991-04-27
213,Nicky,Tollerfield,Teacher,6,71485.38,2001-04-13,1954-03-20
214,Harland,Camocke,Recruiter,6,121260.98,2002-10-18,1955-10-15
215,Noni,Burbage,VP Marketing,10,16001.21,2002-12-15,1948-11-25
216,Ulrike,De Fraine,Software Test Engineer III,9,59271.98,2020-05-31,1987-06-13
217,Harland,Macartney,Junior Executive,6,21374.67,2017-03-14,1951-01-07
218,Marion,Cota,Assistant Professor,6,139832.65,2011-02-22,1949-03-29
219,Keary,Sansun,Structural Analysis Engineer,9,118288.05,2011-08-05,1988-06-27
220,Cicily,Sarjant,Health Coach I,9,73400.76,2005-01-22,1979-10-01
221,Blythe,Klemenz,Account Representative I,3,115569.38,2014-07-05,1958-03-29
222,Tucker,Rosindill,Web Designer II,8,41170.13,2015-11-05,1983-11-16
223,Zulema,Martine,Executive Secretary,7,128995.01,2018-10-27,1998-07-16
224,Novelia,Twidell,Cost Accountant,2,86595.35,2017-02-19,1987-10-22
225,Sukey,Sisse,Staff Accountant II,4,140790.75,2002-10-18,1953-04-17
226,Nicolais,Giacobillo,Structural Engineer,1,144858.16,2010-10-16,1986-02-22
227,Minor,Stolz,Analyst Programmer,8,144832.03,2019-06-07,1982-01-29
228,Douglass,Christian,Pharmacist,3,45177.74,2013-09-02,1969-11-17
229,Veronika,O'Grogane,Actuary,8,62331.41,2008-01-19,1960-11-14
230,Sebastien,Ball,Recruiter,9,108279.83,2006-06-30,1960-03-08
231,Evelyn,Shepheard,Quality Engineer,5,97878.46,2022-02-28,1980-09-08
232,Diannne,Sutherby,Executive Secretary,1,103279.89,2015-07-06,1950-04-19
233,Danit,Presnell,Professor,4,108888.49,2004-09-26,1966-07-03
234,Joey,Usher,Assistant Professor,5,38432.2,2016-09-09,1965-04-03
235,Oliviero,Adel,Geological Engineer,3,30382.59,2002-06-14,1953-05-13
236,Mariska,McGilvary,Research Associate,9,99252,2020-10-19,1982-06-16
237,Andreana,Raubenheim,Business Systems Development Analyst,6,101179.8,2007-09-06,1972-10-26
238,Janeczka,Tweede,VP Accounting,4,108752.31,2021-05-19,1956-09-16
239,Marji,Risen,Sales Associate,9,93093.91,2017-06-22,1983-02-16
240,Even,Sollon,Geologist II,1,30901.01,2007-07-12,1967-12-25
241,Earle,Murdy,Senior Sales Associate,5,33573.13,2011-10-26,1974-04-12
242,Kaye,Dodwell,Assistant Manager,2,26721.2,2010-01-15,1993-10-13
243,Leanora,Vinton,Marketing Manager,9,51462.95,2006-07-08,1999-03-24
244,Reeva,Emanuel,Occupational Therapist,4,33858.8,2021-09-15,1944-06-17
245,Obie,Siddon,Software Engineer II,5,126661.54,2006-03-10,1981-07-31
246,Garry,Rosier,VP Sales,9,114394.05,2015-02-09,1971-10-06
247,Aguistin,Dryburgh,Financial Analyst,3,22650.52,2002-09-14,1970-01-31
248,Ina,Frondt,Account Executive,8,131324.06,2004-10-22,1995-03-13
249,Sondra,Cheston,Analog Circuit Design manager,4,123623.45,2007-07-09,1971-11-21
250,Danny,Blague,Programmer Analyst I,7,33994.37,2014-06-07,1943-07-25
251,Kendra,Downes,Nuclear Power Engineer,7,25198.01,2009-10-03,1989-01-17
252,Pascale,Guidetti,Food Chemist,8,24734.64,2011-12-05,1998-09-28
253,Mirelle,Yarrell,Assistant Manager,3,146797.3,2021-06-28,1972-05-27
254,Pandora,Domniney,Electrical Engineer,6,113314.62,2003-05-14,1977-12-04
255,Adel,Nobes,Nuclear Power Engineer,7,29934.66,2009-02-23,1997-02-15
256,Herby,Reinard,Occupational Therapist,1,68858.64,2004-02-10,1957-01-26
257,Gabriello,Littlewood,Safety Technician III,2,60860.68,2018-12-23,1977-11-21
258,Debor,Domanski,Research Associate,4,54038.94,2009-01-24,1996-02-14
259,Elbert,Oles,Sales Associate,6,67081.15,2005-09-18,1952-04-01
260,Meggi,Gasson,Staff Scientist,1,56233.65,2021-01-09,1956-07-19
261,Gilbertina,Redmayne,Office Assistant II,2,79249.71,2007-08-10,1954-04-27
262,Walsh,Hatwells,Civil Engineer,2,75657.76,2016-09-10,1999-07-07
263,Hernando,Matthensen,Business Systems Development Analyst,2,120279.23,2007-03-09,1972-08-17
264,Arabel,Jaukovic,Research Nurse,1,75540.03,2009-05-27,1975-12-14
265,Lloyd,Gaskell,Statistician IV,1,97677.09,2022-05-18,1953-07-04
266,Mehetabel,Gammie,Financial Advisor,8,149707.49,2001-05-08,1997-03-15
267,Alair,Ackenson,Librarian,1,112343.78,2002-11-30,1988-10-20
268,Lesley,Paaso,Quality Control Specialist,7,35216.27,2008-05-13,1943-07-05
269,Sabrina,Ringwood,Web Designer II,10,43611.4,2016-12-25,1986-03-24
270,Berton,Nance,Food Chemist,6,42373.56,2004-10-25,1954-01-25
271,Kevina,Cristol,Nurse Practicioner,3,122770.18,2009-06-11,1982-03-12
272,Lynn,Verzey,VP Accounting,1,117901.6,2008-10-16,1986-02-28
273,Brandy,MacRonald,Data Coordinator,1,86227.63,2016-07-30,1962-04-16
274,Collie,Willgrass,Biostatistician II,1,84997.41,2005-05-30,1982-03-18
275,Opaline,Deny,Software Consultant,8,143245.2,2011-12-29,1977-09-03
276,Rees,Nutbeam,Database Administrator IV,1,65010.59,2016-01-14,1993-01-28
277,Audrye,Simion,Quality Engineer,1,129817.64,2018-12-10,1997-12-28
278,Caleb,Higford,Internal Auditor,6,142083.56,2013-08-08,1988-11-20
279,Livy,Olorenshaw,Geologist II,8,89755.16,2006-09-18,1968-01-08
280,Rubie,Akester,GIS Technical Architect,6,43616.45,2003-03-24,1949-02-11
281,Margalo,Yakutin,Geologist II,1,70737.85,2008-02-25,1985-12-06
282,Caspar,Jarrel,Graphic Designer,1,97154.1,2013-09-27,1964-05-28
283,Kial,Vanyard,Speech Pathologist,7,92166.41,2005-08-22,1982-05-24
284,Reider,Van Ross,Business Systems Development Analyst,7,118435.16,2016-05-15,1992-12-24
285,Tabb,Kingscote,Data Coordinator,4,109941.54,2019-10-04,1950-01-02
286,Maxy,Dressell,Recruiter,8,135008.47,2019-10-13,1969-08-12
287,Muffin,Bodicum,Biostatistician I,8,109504.68,2008-04-17,1950-05-30
288,Marja,Benjamin,Graphic Designer,2,129566.34,2020-04-28,1988-02-20
289,Luci,Barnewell,Associate Professor,7,130419.89,2017-08-21,1966-06-10
290,Eb,Aickin,Administrative Officer,6,20423.53,2010-12-26,1978-06-25
291,Brigid,Kebell,Administrative Officer,3,38153.25,2017-12-26,1998-08-09
292,Dasi,Hellin,Community Outreach Specialist,10,144869.3,2010-06-17,1947-12-12
293,Verge,Malpas,Cost Accountant,8,20700.79,2017-10-19,1945-04-04
294,Dun,Merwood,Pharmacist,7,85628.71,2016-07-04,1982-09-22
295,Kimberlyn,Lamberti,Accounting Assistant III,2,129162.65,2005-04-18,1965-10-25
296,Les,Clewes,Database Administrator II,1,140370.97,2010-05-02,1951-11-24
297,Roanne,Baggiani,Community Outreach Specialist,9,54230.8,2021-05-02,1949-05-16
298,Clim,Squibb,Chemical Engineer,10,124743.47,2016-12-11,1980-07-02
299,Vincenz,Steinhammer,Data Coordinator,7,66770.81,2012-02-18,1945-03-18
300,Nathanil,St. Louis,Computer Systems Analyst I,2,127084.5,2010-11-23,1963-05-11
301,Donica,Brunning,Senior Sales Associate,9,130467.57,2020-03-19,1956-12-31
302,Doe,Connop,Senior Financial Analyst,5,63611.35,2006-09-11,1955-06-21
303,Julie,Hayen,Account Representative IV,3,141668.57,2011-09-01,1991-11-19
304,Florette,Quibell,Pharmacist,8,18186.5,2020-02-09,1988-03-18
305,Barbi,Lovat,Developer IV,7,61185.95,2008-03-01,1959-06-21
306,Merna,Bossom,Information Systems Manager,4,79831.27,2019-05-15,1981-12-22
307,Neda,McPike,Staff Scientist,9,109524.79,2018-08-23,1959-03-14
308,Hymie,Nelissen,Statistician III,2,35373.55,2006-05-21,1976-03-27
309,Brandea,Rackam,Physical Therapy Assistant,8,102251.58,2007-12-12,1995-04-16
310,Hilda,Mazella,Accountant II,5,55581.95,2018-10-01,1953-10-29
311,Ranee,Hartin,Quality Engineer,5,64042.8,2017-10-20,1957-08-15
312,Dionne,Skotcher,Tax Accountant,6,123749.73,2020-10-26,1951-12-14
313,Craggie,Stuehmeier,Health Coach III,9,76672.51,2017-04-21,1971-05-18
314,Barrie,Dimitrescu,Help Desk Operator,2,111930.48,2019-12-19,1974-07-22
315,Ingra,Sabey,Software Test Engineer III,5,40153.95,2002-12-28,1993-07-06
316,Gregor,Ostler,Speech Pathologist,9,121556.25,2016-02-02,1975-05-23
317,Vin,Clemont,Professor,1,116932.37,2017-07-14,1943-05-21
318,Beltran,Osmint,Account Coordinator,5,138366.53,2014-11-17,1954-02-02
319,Jacqui,Partleton,VP Sales,5,73801.48,2009-06-10,1951-01-28
320,Jefferson,Glasscoe,Executive Secretary,6,27003.89,2001-08-13,1969-08-10
321,Brena,Laste,Marketing Assistant,2,72302.18,2004-02-21,1950-03-20
322,Maurine,Cosbee,Mechanical Systems Engineer,9,83592.72,2012-07-09,1972-05-20
323,Sissie,Kenningham,General Manager,10,84395.61,2009-07-18,1996-11-09
324,Udale,Scully,Assistant Media Planner,6,38316.54,2020-06-17,1943-04-22
325,Bea,Dilke,Computer Systems Analyst I,1,61520.99,2014-02-21,1987-08-31
326,Leshia,Pieracci,Professor,9,101577.43,2003-08-21,1975-09-05
327,Shelbi,Abercromby,Computer Systems Analyst I,7,87432.83,2008-12-02,1974-02-01
328,Donny,Fayer,General Manager,1,85790.69,2020-06-23,1975-09-13
329,Gerhardt,Ladds,Payment Adjustment Coordinator,1,32908.88,2019-07-03,1974-12-28
330,Bobbette,Whitham,Project Manager,6,127129.96,2013-11-10,1966-11-22
331,Jill,Capinetti,Web Designer I,4,114721.5,2007-12-10,1979-10-09
332,Cesya,Hellcat,Associate Professor,6,19345.92,2001-04-15,1961-05-24
333,Helsa,Trass,Marketing Manager,4,74759.56,2011-02-28,1995-09-21
334,Burr,Garrand,Nuclear Power Engineer,10,34376.77,2011-12-31,1991-10-21
335,Aili,Hadwick,Senior Cost Accountant,9,133626.95,2001-08-23,1989-01-11
336,Carver,Sayle,Programmer I,2,94227.2,2005-02-18,1967-06-29
337,Tabbitha,Lorant,Civil Engineer,5,107441.87,2010-10-01,1980-09-27
338,Evania,Zealy,Media Manager II,3,129137.07,2013-05-24,1993-07-07
339,Vivien,Lafflina,VP Product Management,9,144465.17,2010-07-13,1983-11-17
340,Emili,Udie,Operator,7,43032.14,2018-10-08,1947-09-13
341,Jayson,Meadows,Recruiting Manager,4,28898.36,2009-10-25,1960-06-22
342,Marian,Mattin,Project Manager,7,134419.56,2015-02-17,1996-04-10
343,Meridel,Cicculini,Social Worker,10,91295.29,2006-10-18,1985-10-16
344,Sophia,MacNalley,Financial Advisor,6,36794.75,2017-12-01,1960-11-04
345,Vincent,Caistor,Budget/Accounting Analyst IV,5,145796.61,2003-02-05,1981-02-07
346,Eldridge,Grolmann,Clinical Specialist,8,53012.25,2018-12-09,1995-12-06
347,Myrle,Richardes,Recruiter,7,94706.05,2008-08-16,1946-08-24
348,Ericha,Mouton,Administrative Officer,4,49063.69,2018-08-18,1965-12-10
349,Meryl,Bolley,Technical Writer,8,116982.07,2006-12-20,1956-06-06
350,Shermy,Civitillo,VP Sales,5,115820.62,2018-07-09,1943-04-28
351,Dee dee,Brazel,Nurse Practicioner,8,87212.52,2015-03-20,1983-07-20
352,Reinaldo,Secker,Chief Design Engineer,8,68694.73,2004-09-11,1971-05-02
353,Lydie,Aberdeen,Internal Auditor,6,34579.69,2003-09-01,1964-01-19
354,Burg,California,Quality Engineer,7,37623.97,2013-07-08,1995-10-27
355,Cynde,Beentjes,Food Chemist,10,20745.5,2001-04-16,1976-05-17
356,Libbie,Anersen,Web Developer IV,7,64918.73,2002-06-09,1944-10-03
357,Idalina,Giacopello,VP Product Management,7,69932.37,2012-08-24,1964-11-02
358,Lainey,Brinsford,Quality Control Specialist,5,78558.17,2012-12-25,1975-07-05
359,Linnea,Malan,Senior Cost Accountant,1,110849.24,2005-09-08,1989-03-29
360,Allina,Vales,Database Administrator IV,1,78415.73,2006-10-26,1949-03-19
361,Ardelle,Teasey,Sales Representative,10,125766.58,2011-10-03,1968-06-28
362,Sibby,Clues,Pharmacist,6,85046.53,2006-12-31,1997-04-25
363,Bill,Hollibone,Research Assistant III,4,130317.59,2007-11-10,1958-05-11
364,Veda,Byllam,Pharmacist,10,93404.63,2001-12-16,1955-06-10
365,Warren,Tresler,Account Coordinator,1,29901.99,2008-08-27,1947-03-17
366,Charlton,Dunphy,Help Desk Operator,3,95272.37,2020-06-16,1957-01-24
367,Minor,Aronoff,Programmer IV,7,96663.82,2022-05-31,1944-06-01
368,Bryant,Bernardy,Safety Technician I,2,77578.39,2009-12-13,1952-01-17
369,Albina,Rimer,GIS Technical Architect,6,23474.85,2004-07-24,1993-12-21
370,Rebekkah,Kepling,Assistant Media Planner,2,81077.1,2015-04-13,1975-07-30
371,Emelia,Trout,Web Designer IV,10,125713.39,2003-07-10,1954-10-13
372,Sheppard,Rosenbarg,Account Representative II,6,20504.87,2019-03-21,1973-12-11
373,Connor,Blakey,Occupational Therapist,10,44457.21,2009-05-31,1963-01-25
374,Marcela,Ridgwell,General Manager,10,68003.84,2004-02-01,1944-07-10
375,Frasquito,Gillooly,Occupational Therapist,10,102227.9,2004-10-09,1943-05-04
376,Pren,Simoneton,Recruiting Manager,9,60652.51,2006-09-02,1981-04-25
377,Elva,Shewon,Quality Engineer,8,99786.35,2017-08-12,1978-01-25
378,Brendis,Bims,Systems Administrator IV,7,50924.36,2004-11-07,1956-12-29
379,Kimberley,Arp,Technical Writer,2,91578.98,2015-06-27,1946-01-15
380,Annelise,Fynes,Programmer III,5,42841.27,2010-04-11,1985-01-02
381,Darsie,Reddell,Programmer Analyst III,9,48846.79,2017-06-27,1953-03-02
382,Natala,Farre,Engineer IV,10,85268.52,2006-07-04,1986-10-06
383,Maude,Assender,Paralegal,6,135620.61,2012-11-28,1984-02-20
384,Misha,Clemits,Librarian,1,61674.14,2003-01-21,1986-12-05
385,Cari,Iacapucci,Pharmacist,10,135291.79,2004-11-09,1979-10-05
386,Pietra,Berecloth,Environmental Tech,4,28587.71,2018-06-14,1960-02-17
387,Sharron,Betke,Software Test Engineer III,3,60092.57,2004-03-31,1953-10-26
388,Miran,Symonds,Geologist II,9,24487.97,2020-09-19,1945-10-24
389,Roobbie,Ribbens,Research Associate,9,41827.28,2002-03-30,1956-01-06
390,Dean,Faier,Director of Sales,9,141557.45,2018-09-02,1969-08-11
391,Karleen,Cubbin,VP Sales,10,107538.41,2019-07-10,1951-02-11
392,Mortie,De Cruce,Dental Hygienist,10,27399.18,2011-01-22,1945-06-17
393,Dominic,Codi,Systems Administrator III,5,95835.36,2019-01-29,1958-08-22
394,Aubert,Peele,Administrative Assistant IV,5,73076.96,2011-04-15,1980-06-03
395,Janifer,Hawthorne,Marketing Manager,6,43981.17,2006-04-15,1958-06-11
396,Germain,Prowting,Physical Therapy Assistant,9,83523.19,2019-05-04,1952-04-12
397,Karl,Calrow,VP Product Management,1,56040.37,2016-06-06,1943-11-09
398,Maribeth,Eadmeads,Junior Executive,7,82201.38,2012-03-18,1949-01-27
399,Jobye,Stebles,Information Systems Manager,3,142670.16,2002-12-10,1957-05-29
400,Justinian,MacDonell,Analog Circuit Design manager,5,65639.98,2005-01-23,1974-01-05
401,Jillayne,Roads,Operator,10,149092.22,2013-02-15,1979-11-22
402,Bendix,Ahearne,Nuclear Power Engineer,2,18924.32,2018-07-31,1984-08-22
403,Harlin,Disbury,Executive Secretary,7,74113.55,2022-06-21,1946-09-29
404,Bendicty,Perigeaux,Social Worker,6,50325.64,2019-08-05,1980-08-16
405,Conn,Balma,Professor,2,131486.51,2008-03-16,1976-08-23
406,Adrien,Laird,Assistant Professor,10,133028.41,2003-07-31,1955-06-28
407,Jethro,Renne,VP Product Management,2,126965.26,2019-08-16,1984-08-09
408,Veronike,Di Biagi,Professor,1,50264.83,2006-04-08,1983-11-05
409,Gunilla,Durdan,Geologist II,2,24467.2,2007-08-05,1959-04-11
410,Patty,Kyd,Dental Hygienist,8,105093.77,2014-11-18,1985-06-05
411,Dela,Furney,General Manager,10,116574.43,2010-03-21,1970-08-05
412,Alicia,Drakes,Software Test Engineer IV,5,115491.55,2016-01-28,1954-06-21
413,Clifford,Pattinson,Nurse,8,103806.13,2010-09-05,1999-08-21
414,Hersh,Barwell,VP Quality Control,6,86730.46,2015-03-01,1990-11-16
415,Nevin,Pretorius,Senior Quality Engineer,3,98303.82,2014-05-20,1986-01-02
416,Hilly,Cheves,Legal Assistant,9,87384.46,2003-06-10,1977-11-29
417,Umberto,Coveny,Teacher,7,48577.81,2018-10-24,1990-02-24
418,Haleigh,Jermey,Account Executive,9,107804.93,2012-11-17,1960-09-10
419,Von,Schoular,Senior Financial Analyst,8,27300.25,2020-12-21,1982-12-02
420,Hanson,McMullen,Cost Accountant,5,89739.4,2017-10-05,1977-10-06
421,Constantine,Widmore,Operator,2,106920.69,2001-03-24,1996-03-09
422,Germaine,Fontaine,VP Product Management,2,43900.67,2013-05-10,1957-10-26
423,Kirsti,Bruhn,Environmental Specialist,2,32905.91,2008-07-20,1975-12-23
424,Myrwyn,Flexman,Junior Executive,9,39251.7,2019-12-25,1971-01-24
425,Leonardo,Wadelin,Civil Engineer,4,105852.43,2014-10-28,1946-07-08
426,Annie,Romeril,Assistant Media Planner,5,57873.64,2009-05-21,1966-01-28
427,Milo,Hyland,VP Sales,6,18050.81,2016-12-08,1964-08-04
428,Clerc,Kop,Junior Executive,9,46213.79,2022-02-12,1949-07-26
429,Casandra,Plak,Research Nurse,2,97024.37,2020-07-28,1995-03-03
430,Kamillah,Turley,Biostatistician I,8,147849.14,2005-04-04,1990-04-18
431,Nikaniki,Beckers,Senior Cost Accountant,8,30583.6,2022-09-06,1999-10-04
432,Marguerite,Gander,Software Engineer IV,4,121354.8,2003-02-01,1996-05-31
433,Thane,Fidelli,Mechanical Systems Engineer,6,147278.65,2021-12-01,1948-04-11
434,Britt,Basterfield,Analyst Programmer,3,27149.55,2004-01-23,1968-07-26
435,Jeremy,Emeline,Account Representative IV,6,18253.75,2010-09-03,1998-11-14
436,Boycey,Ruffy,Junior Executive,8,84034.44,2016-08-04,1973-06-20
437,Jourdain,Farey,Recruiting Manager,4,89146.37,2013-05-24,1953-10-20
438,Taryn,Burth,Clinical Specialist,5,37862.56,2009-12-17,1995-01-30
439,Ettore,Feldheim,Executive Secretary,9,59827.88,2012-06-16,1969-12-24
440,Anitra,Pomfrett,Internal Auditor,3,107190.49,2013-03-13,1998-07-19
441,Umeko,Bulluck,Web Developer II,10,146465.79,2018-03-31,1972-01-30
442,Ezri,Ferrettini,Payment Adjustment Coordinator,2,136793.37,2017-06-03,1949-09-13
443,Charisse,Scotchmore,Programmer III,7,27591.87,2022-01-11,1989-06-24
444,Gib,McCathy,VP Accounting,5,19587.86,2012-04-28,1953-10-25
445,Darcee,Roe,Health Coach IV,6,53513.98,2007-08-17,1980-07-22
446,Barbabra,Frisdick,Geological Engineer,7,23641.09,2018-02-15,1951-07-17
447,Glennis,Goldes,Account Executive,8,132725.18,2007-02-12,1970-07-31
448,Francis,Truscott,Information Systems Manager,6,80572.67,2012-02-15,1962-01-16
449,Zacharie,Schirak,VP Sales,9,82273.81,2007-05-01,1962-06-06
450,Gabey,Grotty,Software Test Engineer II,10,135844.7,2002-11-11,1950-07-12
451,Felipa,Mazzeo,Teacher,2,88547.23,2004-04-13,1971-06-22
452,Boyce,Charrington,Business Systems Development Analyst,5,147797.17,2015-10-31,1950-01-15
453,Benedicto,Plaid,Teacher,6,137581.71,2018-04-15,1978-11-06
454,Harley,Greer,Internal Auditor,8,48907.16,2019-08-02,1980-12-03
455,Leesa,Cortnay,Environmental Tech,10,130140.57,2018-10-13,1953-12-24
456,Burton,Kinner,Social Worker,9,123036.35,2016-05-05,1988-04-21
457,Idalina,Cribbott,Accounting Assistant I,1,96708.63,2016-07-22,1995-01-04
458,Linette,O'Docherty,Engineer IV,6,95471.28,2013-05-24,1963-07-10
459,Rolf,Beltzner,GIS Technical Architect,7,19997,2003-12-14,1953-05-26
460,Lindsey,Seager,Nuclear Power Engineer,10,136224.43,2014-03-07,1952-04-08
461,Amelina,Shafier,Dental Hygienist,10,72313.42,2013-07-26,1958-11-02
462,Callie,Charrisson,Health Coach III,2,25962.84,2014-01-19,1954-10-28
463,Brandi,Forseith,Clinical Specialist,6,17944.44,2017-02-07,1979-10-14
464,Lyndel,Meynell,Media Manager IV,1,43036.51,2018-03-21,1953-04-12
465,Upton,Silverstone,Desktop Support Technician,10,149053.78,2007-04-23,1972-12-24
466,Georas,Medley,Geologist IV,3,131687.25,2014-09-20,1994-09-15
467,Kaile,Reaney,Pharmacist,5,136918.54,2017-05-06,1944-05-30
468,Hendrika,Redmille,Associate Professor,1,21660.74,2011-01-23,1964-02-06
469,Deedee,Feedome,Structural Engineer,2,25626.97,2003-01-08,1956-11-07
470,Charlton,Kelledy,Cost Accountant,7,117570.13,2019-12-25,1990-01-08
471,Colleen,Fishleigh,Dental Hygienist,6,100725.69,2014-07-06,1980-03-11
472,Carter,Mahood,Web Developer III,6,83513.33,2004-02-29,1948-01-30
473,Traver,Greggs,Computer Systems Analyst II,3,78159.67,2020-07-11,1968-04-11
474,Orion,Gorringe,Nuclear Power Engineer,8,123733.53,2009-07-19,1960-12-08
475,Chere,Scrivenor,Research Nurse,10,71820.95,2022-06-16,1979-07-11
476,Agnola,Dallimore,Design Engineer,2,87137.81,2002-05-31,1980-05-30
477,Deva,Blyth,Editor,2,113943.62,2011-07-06,1967-10-11
478,Brianne,Oldroyde,Sales Associate,7,83999.53,2020-10-26,1950-05-17
479,Melina,Stedmond,VP Marketing,2,44299.94,2019-06-10,1995-10-13
480,Gilbertine,Corpe,Information Systems Manager,1,22024.68,2016-08-24,1977-07-18
481,Coleen,Kelson,Research Associate,9,142522.49,2003-12-13,1958-07-18
482,Clerc,Saggers,Design Engineer,9,134645.7,2003-11-26,1979-05-11
483,Ned,Elliman,Director of Sales,2,122489.4,2012-04-24,1992-12-26
484,Kaia,Boss,Biostatistician I,10,109060.97,2009-06-16,1994-03-07
485,Devlin,Youens,Clinical Specialist,1,115199.07,2010-06-14,1970-01-08
486,Rachelle,Loukes,Nurse,9,126108.56,2020-07-30,1999-06-29
487,Martica,Moorhead,Actuary,10,126130.81,2019-02-26,1945-06-04
488,Kaylyn,Dyball,Staff Accountant I,6,76487.78,2018-09-17,1970-08-26
489,Donaugh,Bilyard,General Manager,5,101811.89,2006-02-14,1952-06-04
490,Nanice,Martensen,Office Assistant III,3,61580.3,2013-04-17,1968-03-01
491,Chaddie,Skyrme,Design Engineer,7,52688.44,2016-04-12,1962-04-19
492,Humphrey,Maplethorpe,Help Desk Technician,9,57929.01,2021-02-07,1943-03-17
493,Ibby,Rasper,Biostatistician II,1,118031.8,2016-02-28,1954-05-01
494,Rebecca,Ricardon,Nurse Practicioner,6,148926.36,2015-03-13,1976-07-19
495,Milena,Harragin,Project Manager,8,93753.37,2013-05-29,1995-03-10
496,Sigismondo,Benitti,Recruiting Manager,4,91821.76,2018-01-20,1988-07-01
497,Pauly,Ezele,Food Chemist,3,89933.03,2018-02-26,1949-05-01
498,Russ,Caren,General Manager,10,125608.63,2012-09-04,1971-02-17
499,Sascha,Pinke,Staff Scientist,5,109732.87,2002-09-05,1948-06-04
500,Mark,Asquez,Chemical Engineer,8,107420.2,2016-01-27,1961-09-10
501,Joceline,Itskovitz,Nuclear Power Engineer,2,59323.63,2021-04-18,1962-12-12
502,Artemas,Mayoral,Help Desk Technician,10,65896.25,2001-08-10,1998-07-11
503,Danny,Devinn,Recruiting Manager,3,70020.23,2016-11-01,1958-03-04
504,Margit,Follen,Occupational Therapist,8,60376.78,2006-04-01,1986-12-12
505,Cornelius,Rogger,Biostatistician II,9,62504.78,2020-11-10,1991-12-16
506,Therese,Elliker,VP Sales,5,63398.5,2019-08-31,1999-02-22
507,Wright,Hartigan,Analyst Programmer,1,105988,2012-04-28,1969-02-05
508,Russ,Tomsett,Internal Auditor,5,116704.1,2015-02-26,1950-06-16
509,Rosamond,Ilyin,Software Test Engineer II,1,56445.89,2004-04-27,1989-05-18
510,Dimitry,Forestel,Account Coordinator,2,79544.03,2007-08-29,1980-03-26
511,Mady,Pach,Community Outreach Specialist,8,64936.23,2019-05-20,1974-06-15
512,Sada,Devall,Assistant Professor,10,93072.56,2004-06-14,1983-03-17
513,Sherill,Tapson,Payment Adjustment Coordinator,8,140386.13,2001-08-06,1972-08-27
514,Cyrille,Coats,VP Sales,9,126168.76,2019-04-30,1991-05-02
515,Winona,Bruineman,Product Engineer,7,119063.46,2002-07-10,1952-02-27
516,Tanner,Dunsleve,Biostatistician II,2,121545.28,2012-04-10,1960-02-09
517,Pattie,Heigold,General Manager,7,80227.09,2011-04-19,1974-10-21
518,Jan,Chadwell,Assistant Media Planner,1,54319.33,2002-07-23,1994-08-22
519,Francesco,Drezzer,Social Worker,10,53401.01,2008-07-02,1948-03-28
520,Mohandas,La Torre,Systems Administrator II,5,113735.54,2002-10-28,1954-11-17
521,Tiffi,Gallymore,Director of Sales,10,99657.84,2010-12-05,1974-01-29
522,Lexy,Hairesnape,Help Desk Technician,6,20452.92,2003-05-09,1959-11-05
523,Peri,Gerriet,Community Outreach Specialist,8,83194.32,2004-10-18,1945-06-09
524,Louie,Salzberg,Food Chemist,1,45747.7,2006-12-05,1946-03-05
525,Darsey,Samsworth,Sales Associate,10,63586.65,2015-05-29,1950-06-20
526,Padget,Tillyer,Teacher,4,78577.87,2021-04-11,1984-08-12
527,Vanda,Metzing,Internal Auditor,1,79673.48,2001-03-31,1985-02-03
528,Marthena,Duer,Computer Systems Analyst I,5,64798,2004-02-16,1994-03-20
529,Shay,Lufkin,Geological Engineer,8,27642.74,2009-05-04,1966-10-21
530,Mady,Brookhouse,Product Engineer,8,141749.57,2017-06-05,1959-06-03
531,Hamish,Rheam,Senior Sales Associate,6,104972.66,2016-09-17,1991-05-27
532,Rosalind,Pietron,Analog Circuit Design manager,2,102092.43,2010-04-07,1986-07-06
533,Wilfred,Slucock,Senior Financial Analyst,2,114224.9,2012-10-16,1996-06-10
534,Geneva,Kembery,Sales Representative,6,68090.06,2011-05-15,1986-08-08
535,Lawry,Stiff,Speech Pathologist,7,135580.73,2021-07-25,1988-08-26
536,Cory,Pagon,Marketing Manager,1,85564.3,2008-03-19,1986-10-04
537,Juditha,McRorie,Accountant I,6,16158.05,2020-02-08,1967-12-01
538,Glynn,Culwen,Research Assistant III,10,31419.97,2007-05-20,1972-01-14
539,Shawn,Worsfield,Accountant III,9,56074.23,2008-05-10,1974-10-17
540,Korie,Peery,Safety Technician I,1,18906.67,2016-03-21,1978-08-03
541,Bowie,Lemonby,Nuclear Power Engineer,9,74652.05,2007-01-30,1976-06-05
542,Georgina,Pfeuffer,Senior Sales Associate,5,54670.63,2012-01-10,1985-09-18
543,Ezra,Cargenven,Human Resources Manager,5,75145.19,2020-05-16,1961-06-11
544,Zared,Backen,Occupational Therapist,9,69523.9,2003-08-07,1995-03-13
545,Cassaundra,Paulin,VP Sales,5,32552.14,2005-11-16,1947-05-06
546,Mariya,Hallad,Assistant Manager,3,116323.88,2021-05-07,1998-07-06
547,Myrtie,Chevolleau,Environmental Specialist,7,23091.3,2020-03-26,1969-11-06
548,Gwenny,Bucklan,Budget/Accounting Analyst III,7,63218.78,2013-07-27,1948-10-28
549,Kalli,Drable,Research Assistant III,9,33128.94,2002-08-16,1996-03-05
550,Nye,Lilleycrop,Accountant I,2,99632.57,2021-08-10,1987-05-01
551,Moreen,Veale,Environmental Specialist,7,38455.19,2017-07-07,1996-05-13
552,Jermain,Rossey,Administrative Officer,6,58689.04,2009-03-04,1946-01-02
553,Red,Leah,Payment Adjustment Coordinator,8,42120.26,2020-06-03,1974-10-11
554,Tommie,Micklewright,Paralegal,10,65850.73,2019-04-10,1995-03-15
555,Glenine,Chadwell,Nurse,6,19817.67,2008-03-02,1960-12-10
556,Tony,Skentelbery,Chemical Engineer,9,41028.99,2015-09-24,1965-09-19
557,Freddie,Bowbrick,Staff Scientist,5,26519.03,2010-10-02,1953-02-02
558,Jasmin,Matuszinski,Structural Engineer,1,97670.08,2017-04-23,1948-03-23
559,Kaine,McKeeman,Operator,3,44545.07,2017-08-23,1991-01-26
560,Jojo,Longwood,Computer Systems Analyst II,9,19122.31,2012-10-22,1965-12-26
561,Stefania,De Vaux,Food Chemist,7,91439.74,2010-07-23,1986-05-08
562,Trefor,Kwietek,Software Consultant,8,122444.69,2020-07-27,1951-06-12
563,Benton,Tayloe,Help Desk Operator,7,24278.95,2014-07-25,1990-10-23
564,Marris,Kinnaird,Office Assistant IV,8,148463.49,2005-11-17,1958-12-31
565,Cari,D'Aeth,Biostatistician IV,7,127351.78,2021-02-22,1988-06-22
566,Nap,Billows,Recruiter,10,113527.27,2015-07-27,1967-05-25
567,Moselle,Leagas,Nurse Practicioner,9,88895.07,2017-08-19,1984-08-27
568,Veronique,Billsberry,General Manager,6,56448.98,2008-02-07,1976-03-28
569,Ellery,Staziker,Safety Technician II,6,22521.74,2013-04-16,1996-08-26
570,Davidson,Lorentzen,Human Resources Assistant III,7,74207.97,2017-03-06,1944-02-23
571,Ernaline,Emmot,Research Nurse,7,52835.02,2014-01-31,1964-12-05
572,Keeley,Rafferty,Automation Specialist III,7,125752.51,2005-05-02,1991-07-28
573,Shae,McInulty,Senior Sales Associate,1,90104.68,2007-12-23,1986-10-20
574,Carol,Twine,Programmer Analyst II,7,91335.18,2006-05-21,1944-08-20
575,Brannon,Baynam,Human Resources Manager,7,18991.58,2014-01-03,1993-05-23
576,Jackquelin,Dibsdale,Nuclear Power Engineer,3,37062.86,2010-05-19,1984-06-16
577,Parry,Ygoe,Occupational Therapist,9,141223.61,2010-11-21,1962-01-22
578,Conni,Garm,General Manager,3,29919.78,2017-07-27,1959-03-22
579,Lisabeth,Greatex,Biostatistician II,7,113298.09,2018-06-22,1953-10-09
580,Arnie,Drogan,Civil Engineer,1,49026.4,2017-06-19,1995-09-09
581,Gerrard,Leal,Systems Administrator II,9,103445.99,2017-03-29,1944-07-03
582,Karita,Christene,Quality Engineer,8,139384.56,2016-10-12,1950-05-08
583,Stephan,Dursley,Senior Developer,4,43924.83,2002-08-26,1997-08-10
584,Ariana,Jephson,Nuclear Power Engineer,10,87635.64,2011-12-22,1994-05-20
585,Seward,Fransseni,Quality Engineer,4,80693.68,2008-01-14,1950-11-09
586,Darby,Ellinor,Senior Editor,1,24215.3,2003-05-17,1990-04-05
587,Morgana,Petrovsky,Research Associate,7,89415.22,2002-03-07,1991-06-15
588,Josie,Bunkle,Nuclear Power Engineer,8,84230.06,2005-01-26,1995-03-10
589,Sisile,Soper,VP Accounting,5,68004.2,2014-09-17,1991-07-17
590,Morgan,Potebury,Administrative Officer,9,112522.03,2020-06-09,1965-01-26
591,Christiana,Dench,VP Accounting,2,128517.15,2017-09-11,1973-02-28
592,Darrick,Pafford,Software Test Engineer II,8,56993.12,2009-09-11,1998-07-23
593,Tierney,Greste,Programmer III,3,35131.5,2017-07-26,1957-07-03
594,Sebastien,McClary,Product Engineer,3,67207.37,2009-02-03,1979-10-14
595,Nathanael,Gyves,Senior Sales Associate,3,95573.63,2021-03-16,1955-03-08
596,Evvie,Gabbett,Marketing Assistant,4,59357.49,2003-11-03,1972-11-06
597,Con,Almon,Internal Auditor,6,95954.6,2001-02-27,1966-07-21
598,Naomi,Roadnight,Environmental Specialist,8,127666.12,2010-08-16,1988-03-26
599,Andrej,MacDougall,Technical Writer,8,70575.99,2015-03-29,1976-12-23
600,Zahara,Berling,Quality Control Specialist,8,64786.02,2001-10-06,1991-10-30
601,Kizzie,Gallop,Marketing Manager,8,67564.83,2005-06-23,1961-05-18
602,Windy,Solan,Information Systems Manager,1,113594,2010-12-31,1953-12-19
603,Janina,Tiller,Research Associate,5,68358.89,2004-09-21,1985-09-09
604,Camilla,MacGragh,Safety Technician II,5,74380.51,2017-04-17,1943-03-25
605,Ericha,Cornejo,Electrical Engineer,10,123959.27,2004-06-22,1974-02-11
606,Thibaut,Gunning,Occupational Therapist,9,141897.77,2021-04-25,1943-08-03
607,Gard,Clue,Assistant Media Planner,4,48716.28,2004-08-07,1949-04-30
608,Ileane,Bigland,Marketing Assistant,9,135024.62,2003-03-18,1961-08-03
609,Lib,Purkis,Systems Administrator II,6,113862.39,2001-01-13,1974-01-09
610,Winnie,Plowell,Web Designer III,1,56851.05,2010-04-08,1946-08-05
611,Winston,Torrisi,Biostatistician I,9,140249.76,2017-03-05,1981-10-15
612,Moyra,O'Loughane,Social Worker,5,103162.8,2001-02-18,1994-03-24
613,Barry,Collington,Senior Quality Engineer,8,85850.79,2007-04-05,1962-08-29
614,Lambert,Cotgrave,Social Worker,8,26428.33,2006-05-01,1966-08-02
615,Aloysius,Peye,Nurse,7,86908.07,2007-06-14,1988-09-12
616,Gerick,Stot,Librarian,2,16164.55,2021-09-02,1973-08-13
617,Lambert,Stilgo,Data Coordinator,6,41053.35,2018-05-19,1983-01-31
618,Caroljean,Domoney,Executive Secretary,1,40790.52,2015-10-19,1950-03-06
619,Ruddy,Eilhertsen,Accountant III,6,77894.09,2019-06-02,1955-01-31
620,Bette-ann,Forder,Analog Circuit Design manager,10,47355.05,2021-04-19,1969-02-23
621,Valentino,Bissett,Community Outreach Specialist,1,89159.09,2015-11-06,1986-02-08
622,Leodora,Moutray Read,Junior Executive,10,99332.58,2001-06-27,1997-03-19
623,Bridie,Finlry,Associate Professor,1,136944.46,2019-03-07,1965-08-30
624,Ferdie,Gillie,Product Engineer,6,41812.94,2015-10-07,1979-01-05
625,Lara,Bavester,Community Outreach Specialist,6,74849.6,2018-01-01,1976-05-22
626,Queenie,Kilshall,Assistant Manager,6,148340.01,2011-02-13,1994-11-26
627,Lauren,Chartres,Internal Auditor,2,46083.06,2001-06-29,1996-02-15
628,Valery,Plaice,Desktop Support Technician,5,147354.96,2013-01-17,1979-05-25
629,Coreen,O'Heffernan,Web Designer II,7,111177.04,2001-05-18,1944-01-19
630,Obie,Pionter,Environmental Tech,10,146814.9,2022-02-15,1987-09-07
631,Rahal,Roseman,Account Coordinator,5,82693.33,2009-08-01,1964-06-07
632,Daffi,Rundall,Programmer Analyst IV,5,83388.07,2021-07-08,1947-09-08
633,Bartolemo,Merrington,Civil Engineer,2,45807.73,2013-11-21,1966-06-06
634,Tedi,Arrighini,Chemical Engineer,8,56543.94,2014-10-25,1966-03-04
635,Ida,Howlin,Recruiting Manager,3,125999.69,2016-06-06,1950-09-03
636,Lanna,Presho,Financial Analyst,8,58394.64,2005-07-18,1953-01-08
637,Roxanna,Adcocks,Developer III,4,63914.52,2002-02-19,1997-04-09
638,Josephina,Rosenthaler,Senior Developer,10,105636.19,2011-05-19,1980-05-31
639,Merline,Gurley,Accountant I,8,18801.18,2018-05-03,1964-08-14
640,Lyndsay,Roberds,VP Accounting,5,91696.21,2004-04-19,1997-11-06
641,Carter,Norley,Pharmacist,3,116365.34,2007-06-04,1983-05-23
642,Taite,Henken,Librarian,10,37777.54,2016-11-10,1980-04-04
643,Hewe,Pantry,Sales Associate,3,149624.86,2020-09-15,1964-10-14
644,Flossy,Belchem,Environmental Tech,5,47375.18,2016-03-29,1994-12-18
645,Waneta,Langlois,Geologist II,6,75929.35,2013-03-20,1952-04-04
646,Tarrah,Avo,Administrative Assistant III,9,107538.28,2001-06-20,1960-11-24
647,Ernst,Grima,Senior Quality Engineer,8,60906.46,2001-04-21,1952-04-12
648,Dory,De Banke,Staff Accountant IV,8,68417.32,2006-06-07,1970-02-25
649,Larine,Labin,Social Worker,5,26216.76,2015-06-12,1953-01-07
650,Rosabel,Lant,Web Designer III,9,21369.29,2006-04-23,1947-04-30
651,Marcellus,Went,Account Executive,1,68232.19,2020-06-06,1992-07-01
652,Anica,MacArthur,Chemical Engineer,10,87250.25,2011-12-05,1965-08-02
653,Kippy,Dron,Occupational Therapist,3,17736.37,2017-10-04,1954-05-23
654,Nona,Morphew,Quality Engineer,6,71190.43,2009-09-15,1952-01-28
655,Joni,todor,Chemical Engineer,2,48077.38,2017-08-02,1968-07-04
656,Francene,Arckoll,Recruiting Manager,5,147643.03,2018-08-13,1973-01-27
657,Lib,Bryan,Developer IV,8,143309.11,2008-07-13,1992-07-12
658,Rachael,McIlmorie,Chief Design Engineer,2,86589.09,2005-04-03,1954-07-18
659,Harry,Michelmore,Marketing Manager,3,73766.47,2014-08-15,1965-10-31
660,Roanne,Stubbins,Associate Professor,10,77623.91,2015-11-24,1946-05-18
661,Sybila,Winnister,Office Assistant I,2,54141.62,2011-11-11,1962-12-26
662,Aretha,Tull,Graphic Designer,7,118125.43,2022-05-08,1965-04-08
663,Addy,Bunce,Chief Design Engineer,4,146345.01,2015-01-28,1955-04-15
664,Faythe,Dacre,Social Worker,5,64070.07,2012-05-23,1964-11-06
665,Kimbra,Cassel,Product Engineer,10,37556.36,2014-12-29,1984-05-26
666,Shari,Cominello,Statistician II,7,99020.06,2012-09-27,1963-12-21
667,Ruthi,Smouten,Recruiting Manager,5,56284.85,2019-04-25,1963-03-27
668,Darwin,Roddy,Structural Engineer,8,22663.05,2012-10-16,1946-10-18
669,Daniele,Morgans,Senior Editor,7,94112.65,2008-02-27,1979-08-16
670,Englebert,Treske,Budget/Accounting Analyst IV,2,23236.33,2005-03-10,1953-08-09
671,Riobard,Vasechkin,Electrical Engineer,5,82920.38,2022-05-23,1946-12-05
672,Antonella,Whitehorn,Senior Financial Analyst,5,79019.57,2005-11-10,1994-07-28
673,Farris,Denisovo,Computer Systems Analyst II,7,95722.99,2001-04-27,1960-04-05
674,Deeanne,Mendus,Financial Analyst,1,122317.17,2009-03-09,1974-03-20
675,Morry,Drummer,Nurse,2,73672.24,2003-11-30,1944-07-11
676,Dorelle,Trimming,Business Systems Development Analyst,10,77693.2,2013-03-26,1999-01-14
677,Reinwald,Van Vuuren,Engineer IV,9,63897.34,2010-12-09,1951-11-21
678,Carl,Chastaing,Geological Engineer,2,95169.84,2006-07-26,1977-01-29
679,Georges,Barnewille,Cost Accountant,2,137919.38,2005-06-05,1961-09-17
680,Allison,Woolatt,Financial Advisor,10,59320.52,2005-10-06,1950-01-05
681,Clair,Eagell,Civil Engineer,6,131748.62,2017-10-26,1995-07-20
682,Mei,Kirkness,VP Product Management,6,104575.95,2017-10-08,1966-12-22
683,Laney,Aymes,Structural Analysis Engineer,2,142695.55,2018-02-24,1966-04-06
684,Maggee,Volette,VP Accounting,1,93539.99,2016-10-14,1949-08-15
685,Bob,Renard,Geologist I,7,83458.28,2015-03-02,1989-08-25
686,Laurel,Aguirre,Paralegal,7,79764.69,2010-06-16,1963-09-04
687,Lin,Courteney,Accountant III,1,138647.53,2018-07-08,1976-04-20
688,Spense,Ells,Technical Writer,9,52791.96,2001-11-07,1964-01-13
689,Raphael,Ridwood,Pharmacist,5,101230.07,2019-08-15,1976-08-05
690,Haven,Gretton,Software Consultant,7,142575.55,2012-08-11,1950-12-31
691,Randall,De Dei,Librarian,10,114155.2,2022-08-12,1964-02-27
692,Valentina,Broxis,Associate Professor,2,121461.14,2007-09-17,1994-06-27
693,Arabela,Provis,Speech Pathologist,10,112621.1,2003-12-13,1986-01-21
694,Tillie,Poppy,Account Executive,2,49914.74,2011-08-20,1997-12-30
695,Doralynne,Jessel,Sales Representative,9,83047.17,2019-05-24,1948-10-28
696,Chelsy,Shaul,Software Engineer IV,1,36445.4,2004-06-02,1958-12-28
697,Tedda,Brissard,GIS Technical Architect,2,70751.72,2014-05-28,1984-02-19
698,Evin,Scardefield,Account Coordinator,8,48594.65,2009-07-22,1980-10-05
699,Shel,Ranking,VP Product Management,7,141531.58,2020-03-08,1965-10-19
700,Marj,Dilworth,Data Coordinator,1,77174.73,2001-07-29,1980-07-01
701,Bonnie,Jerrams,Project Manager,7,99586.71,2009-05-03,1963-01-14
702,Lanie,Gouldie,Human Resources Assistant IV,4,124535.01,2014-03-29,1961-03-22
703,Darsey,Ellson,Legal Assistant,7,148378.71,2001-05-05,1981-09-17
704,Berni,Hollyer,Environmental Tech,9,45796.2,2022-01-02,1985-11-27
705,Auberon,Roland,Executive Secretary,2,77578.2,2018-03-23,1977-12-19
706,Kristoffer,Standing,Assistant Professor,10,69239.37,2016-11-13,1991-12-06
707,Nil,Hockell,Structural Analysis Engineer,8,24044.67,2001-03-03,1964-03-23
708,Deerdre,Massie,Systems Administrator III,3,59784.43,2012-02-24,1967-04-15
709,Faber,Sissens,Automation Specialist IV,1,129488.92,2019-07-05,1967-05-25
710,Gwenette,Bertelsen,Web Designer I,8,43744.46,2002-10-03,1965-04-01
711,Lesley,Barthelmes,Human Resources Assistant IV,10,121084.69,2015-12-30,1993-10-06
712,Minni,Flode,Sales Representative,9,137731.61,2009-01-29,1944-02-26
713,Giacopo,Ram,Pharmacist,1,39886.99,2018-10-25,1975-10-22
714,Nerty,Dearell,Mechanical Systems Engineer,5,70884.24,2011-04-27,1973-08-06
715,Asia,Osban,Compensation Analyst,4,103430.14,2002-09-22,1953-07-22
716,Alyda,Eskrigg,Media Manager III,2,74010.76,2004-12-28,1953-02-04
717,Elladine,De Bruin,Geologist IV,5,124574.16,2018-03-06,1947-11-23
718,Carma,Linzee,Nurse Practicioner,1,140389.04,2016-02-04,1974-02-13
719,Sandor,Lamb,Mechanical Systems Engineer,7,112762.28,2022-01-24,1947-05-18
720,Tanya,Anthona,Accounting Assistant IV,4,105403.65,2021-11-03,1997-07-15
721,Adrianne,Falkous,Environmental Specialist,5,111724.07,2016-02-28,1976-09-30
722,Fallon,Cabrera,GIS Technical Architect,7,39300.37,2002-02-13,1981-03-13
723,Candice,de Villier,Budget/Accounting Analyst I,9,34068.59,2019-09-10,1960-08-28
724,Ansell,Morhall,Software Consultant,8,69656.41,2010-05-22,1965-04-21
725,Garnette,Causley,Design Engineer,4,113956.28,2015-11-14,1997-10-06
726,Esta,Elderfield,Web Designer III,1,123800.14,2010-06-14,1998-05-06
727,Dotti,Blyth,Community Outreach Specialist,4,138401.12,2018-01-01,1970-03-17
728,Verene,Podbury,Sales Representative,3,105112.11,2007-10-28,1950-12-16
729,Efrem,Accombe,Assistant Media Planner,2,32817.43,2006-03-04,1983-11-06
730,Adorne,Birchenough,Staff Accountant I,2,95652.47,2020-03-23,1968-02-07
731,Darill,Ransley,Director of Sales,9,45949.72,2017-03-16,1956-11-21
732,Malinda,MacKain,Financial Analyst,4,45708.59,2004-08-16,1951-12-10
733,Claude,Plevin,Project Manager,2,49711.2,2001-06-07,1996-07-01
734,Kathleen,Dargan,Biostatistician I,6,129219.5,2004-04-05,1952-01-25
735,Ashbey,Garnsworthy,Physical Therapy Assistant,6,110757.76,2006-10-18,1960-05-31
736,Kriste,Sebyer,Electrical Engineer,6,94199.28,2021-08-13,1984-06-26
737,Padget,Huikerby,Nurse,1,33812.42,2020-10-08,1971-08-02
738,Lindy,Calf,Tax Accountant,10,143998.01,2019-03-26,1976-12-20
739,Ephraim,Lidell,Nurse,4,63651.13,2005-04-14,1993-02-14
740,Gae,State,Internal Auditor,3,140440.78,2007-01-17,1974-11-01
741,Hugibert,Smogur,GIS Technical Architect,7,93706.85,2006-11-20,1953-04-26
742,Zara,de Zamora,Structural Analysis Engineer,8,116838.63,2003-03-30,1992-02-13
743,Marena,Canedo,Administrative Assistant III,5,105750.34,2014-12-04,1945-07-22
744,Gav,Montrose,Staff Scientist,8,100475.19,2022-05-02,1951-06-19
745,Salome,Bartosiak,Operator,8,148124.74,2008-10-04,1949-06-10
746,Ermentrude,Gravatt,Senior Developer,6,130596.64,2007-12-04,1972-11-10
747,Tillie,Ivanyushin,Software Engineer II,4,137647.93,2015-02-21,1988-08-22
748,Moina,Whitmarsh,VP Product Management,8,78194.46,2010-12-17,1998-11-24
749,Ashby,McLeman,Assistant Media Planner,8,66648.47,2013-12-11,1951-11-01
750,Sullivan,Spittal,Pharmacist,5,70469.55,2004-07-28,1967-04-10
751,Laraine,Plumridege,Structural Engineer,8,64708.66,2002-12-08,1991-12-10
752,Fern,Emberson,Legal Assistant,1,149319.72,2001-02-09,1943-12-20
753,Benyamin,Cuming,Sales Representative,3,41183.97,2015-04-26,1984-10-15
754,Laureen,Jerams,Engineer IV,4,67353.41,2002-09-14,1965-08-31
755,Nathalie,Cudbertson,Analyst Programmer,5,104429.26,2013-09-16,1974-11-08
756,Jourdan,McCarrick,Senior Cost Accountant,4,98917.49,2019-06-09,1967-02-06
757,Hillier,Mccaull,Physical Therapy Assistant,10,119203.95,2001-05-10,1972-11-18
758,Timi,Abrashkov,Nuclear Power Engineer,10,28485.02,2016-02-21,1955-11-08
759,Kendre,Surby,VP Accounting,3,104711.23,2022-04-08,1987-07-11
760,Aura,Nuton,Account Executive,7,127414.95,2014-10-20,1972-10-05
761,Nevil,Tampen,Occupational Therapist,4,145818.81,2019-11-19,1968-11-21
762,Myrta,Bysaker,Media Manager II,7,92000.32,2021-08-14,1948-03-13
763,Mareah,Suart,Chief Design Engineer,6,82012.72,2010-10-28,1970-11-21
764,Cassey,Brushneen,Senior Sales Associate,7,67277.32,2018-06-28,1983-02-24
765,Phedra,Burgoine,Environmental Tech,4,16986.54,2017-06-13,1969-04-16
766,Marsha,Clement,Account Executive,2,44321.61,2018-09-13,1968-02-02
767,Jo-anne,Woltman,Design Engineer,4,129280.38,2008-06-01,1974-12-24
768,Laurette,Bescoby,Budget/Accounting Analyst II,10,41486.36,2013-05-28,1948-12-24
769,Vail,Varrow,VP Quality Control,1,56168.49,2006-04-05,1952-10-02
770,Thaine,Bagg,Dental Hygienist,8,121779.97,2009-12-04,1984-07-19
771,Lanna,Jakel,Electrical Engineer,3,90580.6,2010-08-21,1997-07-21
772,Orsa,Poulglais,Senior Editor,4,117042.97,2018-10-08,1984-01-21
773,Blithe,Fergusson,Media Manager II,9,98439.5,2001-07-19,1995-04-02
774,Hersh,Maplestone,Environmental Tech,6,66617.4,2021-09-09,1968-09-27
775,Tadeo,Ingre,Administrative Assistant I,4,96438.8,2014-05-27,1967-08-03
776,Greer,Alner,Tax Accountant,8,47899.31,2021-05-02,1979-01-04
777,Lombard,De'Ath,Technical Writer,9,132584.93,2015-01-26,1948-11-20
778,Karlotte,Amis,Director of Sales,1,56506.61,2020-02-26,1996-05-25
779,Ashlen,Bartak,Information Systems Manager,1,44217.02,2020-06-25,1969-03-01
780,Valli,Disdel,Librarian,3,148657.62,2015-12-29,1990-10-31
781,Stearn,Pilcher,Structural Analysis Engineer,6,42221.81,2014-10-09,1953-10-01
782,Brok,Vasilic,Senior Cost Accountant,10,107645.74,2003-12-19,1975-04-10
783,Eden,Wilstead,Media Manager II,9,125698.59,2022-03-10,1946-04-18
784,Heather,Learmond,Librarian,1,108216.11,2012-01-15,1986-05-15
785,Evvy,Soldner,Computer Systems Analyst I,9,19932.85,2001-04-03,1986-10-14
786,Clyde,Chadband,Account Representative III,2,121211.99,2018-11-25,1990-03-15
787,Emylee,Chater,Web Designer III,4,50852.36,2004-10-21,1976-11-30
788,Meade,Ruegg,Pharmacist,9,24637.14,2013-06-22,1946-02-21
789,Aubert,Yegorkin,Web Developer IV,10,59906.55,2003-10-30,1968-02-20
790,Hallie,Pearlman,Accounting Assistant II,4,99069.88,2008-12-14,1955-10-15
791,Gil,Artus,Marketing Assistant,3,108771.07,2010-11-21,1951-11-16
792,Brewer,Ivancevic,Statistician I,4,37545.09,2010-06-29,1991-01-14
793,Teresa,Bownd,Automation Specialist II,3,131600.01,2005-02-07,1951-12-16
794,Sarina,Fedorski,Help Desk Technician,8,145698.71,2012-05-24,1957-10-01
795,Benedict,Deason,Recruiter,9,143725.45,2020-07-11,1966-11-29
796,Anthia,Ramble,Director of Sales,10,52270.91,2005-09-11,1955-12-17
797,Maurise,Burnside,Account Coordinator,10,38825.21,2020-01-09,1946-03-02
798,Annabell,Ogley,Staff Accountant I,6,141177.9,2008-06-13,1992-05-18
799,Mead,Dowson,Account Representative II,6,24542.82,2010-09-20,1996-10-06
800,Ileana,Sawers,Help Desk Operator,9,38974.66,2015-08-16,1961-09-16
801,Cullie,Tolomio,Assistant Professor,4,98418.69,2017-01-10,1953-07-11
802,Justis,Cruikshank,Design Engineer,9,68622.86,2018-09-11,1970-06-15
803,George,Harbar,Database Administrator IV,10,55906.65,2001-01-24,1947-02-03
804,Rania,Klimentyev,Research Associate,1,35772.79,2012-02-03,1989-08-22
805,Dory,Pawlowicz,Design Engineer,6,98087.14,2014-12-09,1960-11-25
806,Selma,Hedditch,Actuary,6,65693.78,2020-02-11,1975-01-24
807,Hazlett,Boseley,Research Nurse,2,41838.14,2006-04-07,1985-03-26
808,Dirk,Antoniades,VP Product Management,10,52738.2,2016-07-01,1993-03-01
809,Ermina,Rudinger,Account Representative I,10,47462.34,2008-02-27,1970-08-14
810,Alaster,Fine,Health Coach III,4,118610.72,2011-10-18,1958-01-25
811,Rhett,Jope,Payment Adjustment Coordinator,2,42471.62,2014-10-08,1959-03-22
812,Ellen,Drysdall,Financial Analyst,2,38738.04,2003-02-06,1992-02-15
813,Wolf,Varvara,Media Manager I,5,94149.48,2021-02-24,1980-05-10
814,Chet,Carrane,Mechanical Systems Engineer,10,105760.04,2002-10-31,1960-05-12
815,Avery,Mattheeuw,Environmental Tech,2,143044.52,2016-04-03,1950-11-12
816,Alanah,Pember,Account Representative IV,9,69432.9,2004-12-05,1960-11-20
817,Aron,Heake,Account Executive,4,24701.51,2022-02-17,1993-01-26
818,Clevey,Saddler,Biostatistician III,6,79704.49,2021-06-11,1996-03-04
819,Curtis,McGuiness,Financial Advisor,4,21061.67,2014-09-06,1958-05-07
820,Eldridge,Linay,Research Associate,10,49185.5,2009-02-20,1995-09-10
821,Evy,Kitcat,Accountant II,2,69684.86,2021-10-07,1995-07-01
822,Guillaume,Grinnikov,Senior Editor,8,116099.66,2004-12-10,1968-05-27
823,Solly,Tiernan,Web Designer I,2,142618.76,2003-03-10,1943-07-02
824,Lothaire,Meneux,Software Consultant,4,146436.69,2012-10-17,1950-05-22
825,Polly,Cartmill,Analyst Programmer,1,88778.9,2006-06-26,1986-08-26
826,Lynnell,Posner,Help Desk Operator,3,89191.59,2008-11-28,1970-07-14
827,Tanney,Chritchley,VP Sales,5,15437.14,2013-02-28,1963-11-27
828,Leonelle,Goranov,Account Coordinator,6,48136.3,2008-01-03,1947-07-13
829,Sara-ann,Stowgill,Product Engineer,4,109868.8,2002-06-06,1976-01-01
830,Ezmeralda,Gillicuddy,VP Product Management,4,61139.9,2009-11-23,1976-10-07
831,Ayn,Ashplant,Research Associate,2,35755.65,2020-10-31,1960-12-24
832,Charyl,Branton,Marketing Assistant,9,111871.96,2013-11-27,1994-10-16
833,Felice,MacCaig,Financial Analyst,2,23075.12,2001-12-26,1947-09-16
834,Jo-anne,O'Mailey,Administrative Officer,4,35612.48,2005-07-12,1963-01-26
835,Tades,Sillett,Human Resources Assistant IV,8,66994.19,2001-05-19,1963-11-05
836,Joanne,Oxenden,Associate Professor,6,98206.83,2018-09-11,1956-02-13
837,Mason,Halesworth,Dental Hygienist,9,21053.66,2010-06-13,1952-12-06
838,Jordain,Lago,Actuary,3,135054.08,2013-08-15,1951-10-05
839,Jeane,Baise,Human Resources Assistant I,7,66368.15,2022-05-08,1959-05-04
840,Field,Benck,Nurse Practicioner,4,111993.48,2007-06-10,1977-02-23
841,Roz,Kitson,Engineer I,3,19379.28,2017-07-07,1946-12-19
842,Robyn,Bullan,Senior Sales Associate,9,80159.89,2019-09-08,1958-10-24
843,Stu,O'Boyle,Legal Assistant,9,129596.39,2012-03-14,1984-10-02
844,Dorie,Munt,Financial Analyst,6,30308.07,2001-10-02,1949-07-26
845,Aime,Cops,Technical Writer,2,84883.85,2021-09-11,1987-05-25
846,Nadya,McCrae,VP Sales,5,101450.45,2014-02-12,1947-02-17
847,Philbert,Applebee,Programmer I,3,96115.06,2020-01-18,1994-02-23
848,Frasier,Marrows,Financial Advisor,2,63770.05,2014-12-11,1986-08-29
849,Leanor,Escritt,Social Worker,6,141532.56,2015-12-10,1955-05-18
850,Jock,Couling,Social Worker,3,55630.11,2018-06-29,1978-10-22
851,Vincenz,Bisson,Internal Auditor,3,53326.91,2005-03-17,1998-05-09
852,Nicola,Kerbler,Business Systems Development Analyst,4,140971.01,2020-11-08,1969-10-09
853,Nanette,Rainville,Engineer III,6,88363.65,2017-03-28,1983-07-10
854,Coralyn,Wilber,Accounting Assistant II,6,118609.63,2007-05-12,1993-09-30
855,Vale,Celier,Recruiter,3,99077.1,2003-05-04,1955-05-21
856,Kirby,Rundall,Executive Secretary,9,148514.72,2013-06-10,1948-03-14
857,Bride,Girardot,Account Coordinator,3,47659.69,2020-02-04,1945-04-20
858,Pace,Loody,Community Outreach Specialist,10,45747.01,2018-09-07,1954-09-28
859,Forbes,Lawlie,Professor,9,98138.71,2011-06-15,1955-12-30
860,Bridget,Bunting,GIS Technical Architect,4,41144.23,2012-03-03,1967-01-21
861,Balduin,Sinton,Technical Writer,3,23927.47,2006-11-29,1968-01-28
862,Elaine,McIlroy,Legal Assistant,6,77355.27,2015-01-02,1964-11-09
863,Gregg,Aldwick,Tax Accountant,2,146107.62,2007-12-23,1967-10-16
864,Kris,Agus,Social Worker,7,72702.32,2014-03-09,1976-11-26
865,Shannon,Baseke,Programmer III,7,58019.67,2016-02-19,1985-02-25
866,Ollie,Negri,Database Administrator III,2,63572.89,2013-08-04,1958-04-20
867,Swen,Crudge,Accountant I,5,44118.89,2017-10-06,1970-03-14
868,Egbert,Applewhaite,Web Developer IV,4,100975.28,2022-04-18,1969-04-20
869,Dorelia,Lindores,Research Assistant II,6,81559.29,2020-01-07,1960-04-10
870,Haley,Manssuer,GIS Technical Architect,4,120489.34,2021-03-20,1985-06-14
871,Margaretha,Matteris,Editor,4,130361.13,2003-11-27,1945-10-07
872,Myrtia,Barenski,Health Coach III,4,60338.77,2008-11-17,1961-05-25
873,Adrianna,Pullin,VP Product Management,3,66833.82,2020-10-09,1980-10-09
874,Regan,Ghelardi,Help Desk Technician,1,47198.16,2010-09-10,1972-12-08
875,Mandi,Veillard,Physical Therapy Assistant,9,117537.28,2019-08-16,1963-07-12
876,Glynnis,McCollum,Research Assistant I,5,17562.53,2015-10-31,1996-08-04
877,Lauri,Hartright,Assistant Manager,10,86574.09,2007-01-30,1992-10-14
878,Raeann,Sleeman,Accounting Assistant I,2,142926.27,2017-07-30,1970-03-11
879,Nikita,Goodin,Business Systems Development Analyst,10,148970.83,2020-10-22,1973-09-27
880,Lynde,Filtness,VP Product Management,4,67721.82,2022-01-04,1999-05-16
881,Abagael,Iwaszkiewicz,Clinical Specialist,1,37277.55,2021-06-15,1995-06-20
882,Maxim,Geillier,Actuary,9,85321.82,2012-12-05,1945-01-06
883,Ancell,Ungerechts,Geologist I,6,55005.88,2004-03-24,1962-03-27
884,Sallie,Filintsev,Quality Control Specialist,5,101859.2,2022-05-11,1964-07-24
885,Kaspar,Cleverley,Assistant Media Planner,7,78151.87,2021-04-09,1988-07-02
886,Findlay,McQuilliam,VP Quality Control,8,125490.77,2018-06-16,1990-02-08
887,Eli,Kitney,Occupational Therapist,6,96156.32,2014-06-28,1952-06-25
888,Bernadette,Cavell,Pharmacist,5,46094.56,2019-07-18,1989-06-26
889,Rufe,Vida,VP Accounting,3,120108.32,2015-07-03,1965-07-19
890,Yanaton,Whithorn,Actuary,5,141431.92,2007-04-01,1976-12-11
891,Jasmine,Braisted,Desktop Support Technician,10,88639.41,2013-09-22,1999-01-09
892,Scott,Kelling,Recruiting Manager,1,17287.25,2008-11-23,1972-12-30
893,Stanford,Cunnell,Quality Control Specialist,8,113016.84,2019-08-28,1986-09-24
894,Griffie,Rottcher,Software Test Engineer III,10,60653.63,2020-10-20,1980-08-10
895,Cynthie,Lavell,Food Chemist,8,15609.51,2010-01-17,1962-12-03
896,Olga,Joysey,Help Desk Technician,5,136487.04,2009-11-15,1949-09-18
897,Mortie,Armsby,Geologist IV,6,75618.38,2017-08-31,1949-09-12
898,Bernhard,Coll,Staff Accountant IV,9,75853.24,2019-03-30,1973-07-17
899,Arabelle,Convery,Sales Associate,4,94990.16,2006-12-16,1947-07-08
900,Ronny,Regelous,Safety Technician IV,7,30978.77,2001-04-27,1954-09-26
901,Hastings,Sex,Senior Financial Analyst,4,54305.99,2005-03-18,1993-03-21
902,Orella,Cozby,VP Product Management,6,135159.51,2021-11-27,1943-04-16
903,Mariel,Twigley,Food Chemist,8,73524.89,2018-12-25,1998-10-21
904,Aila,Pincked,Financial Analyst,5,102847.34,2021-04-28,1966-04-27
905,Hertha,Tatham,Media Manager III,5,54751.93,2019-06-09,1967-01-20
906,Bayard,Olkowicz,Senior Sales Associate,6,121973.59,2015-01-16,1971-01-25
907,Danny,Hazart,Executive Secretary,5,122001.85,2022-05-22,1979-08-03
908,Eve,Graundisson,Structural Analysis Engineer,2,90442.95,2018-07-22,1969-05-09
909,Yurik,Points,Nurse Practicioner,5,146006.12,2018-05-16,1943-07-09
910,Noe,Marns,Environmental Tech,7,20508.77,2008-07-14,1983-04-02
911,Wesley,Gannicott,Recruiting Manager,4,137900.24,2016-07-20,1997-02-22
912,Phil,Huortic,Geological Engineer,9,97155.67,2006-08-04,1984-04-11
913,Vinnie,Marikhin,VP Quality Control,1,99671.69,2008-09-14,1972-12-22
914,Gwenneth,Sonley,Professor,9,88471.17,2010-05-29,1982-11-14
915,Bette-ann,Dougher,Human Resources Manager,8,84963.21,2021-03-15,1969-09-01
916,Rosalynd,Emlyn,Occupational Therapist,7,108802.79,2017-01-04,1976-07-16
917,Hector,Kirkness,Nurse Practicioner,5,119434.08,2021-11-26,1967-11-07
918,Obadiah,Phalip,Statistician III,1,72441.88,2021-02-08,1957-02-07
919,Wilhelm,Winney,Librarian,3,57898.34,2009-07-30,1967-06-24
920,Ingrid,Pearse,Executive Secretary,2,68182.29,2001-06-06,1953-05-15
921,Whitman,Gerrietz,Senior Sales Associate,2,102142.41,2001-08-03,1963-06-23
922,Herold,Luckes,Senior Financial Analyst,4,126851.27,2010-01-10,1953-06-13
923,Padgett,Oliveras,Marketing Manager,1,106930.7,2015-01-05,1974-03-15
924,Odie,Dartnell,Sales Representative,1,92951.55,2008-08-08,1967-11-18
925,Row,Haldane,Data Coordinator,4,96180.57,2010-06-23,1958-02-24
926,Gert,Martschke,Staff Scientist,2,105244.26,2018-02-04,1998-03-17
927,Pace,Ecles,Design Engineer,2,32934.7,2006-08-23,1945-11-01
928,Rik,Formigli,VP Product Management,7,38535.17,2002-08-23,1965-02-04
929,Milissent,Linster,Software Consultant,3,72127.89,2009-06-07,1983-12-03
930,Sigismund,McLagan,Programmer IV,5,56539.28,2004-07-30,1993-07-11
931,Tami,Skep,Programmer Analyst IV,3,118767.55,2004-04-07,1945-02-22
932,Angie,Prettyman,Administrative Officer,9,92583.82,2009-06-15,1997-01-03
933,Honoria,Cowing,Civil Engineer,9,72665.74,2015-08-03,1969-08-18
934,Burt,Morat,Product Engineer,3,43476.97,2003-11-30,1950-02-17
935,Georas,Lamprey,Senior Developer,4,115151.16,2021-03-27,1955-08-04
936,Angy,Lefley,Geologist III,4,148793.42,2014-09-26,1960-06-27
937,Cletis,Symms,Media Manager II,5,46305.98,2006-07-28,1945-01-12
938,Kimble,Mitchener,Help Desk Technician,8,28169.07,2016-10-25,1945-09-01
939,Brocky,Bussy,Design Engineer,8,101685.06,2001-10-14,1994-04-08
940,Caroljean,Sunley,Senior Financial Analyst,7,58531.74,2010-06-26,1971-05-21
941,Deina,de Vaen,Recruiting Manager,4,69559.38,2009-05-05,1946-11-11
942,Borg,Greensall,Geological Engineer,6,103198.24,2008-08-12,1998-02-16
943,Loella,Stoeckle,Nuclear Power Engineer,10,83599.64,2022-07-18,1977-09-02
944,Gilly,Hammell,Web Developer I,6,80023.04,2017-03-31,1971-01-20
945,Shaine,Chartres,Food Chemist,9,121912.01,2011-08-12,1980-03-18
946,Emili,Marson,Librarian,8,83509.38,2016-12-27,1998-09-28
947,Ulberto,Berends,Senior Financial Analyst,9,113886.79,2007-03-18,1989-05-20
948,Dolley,Bellhanger,Pharmacist,10,133958.24,2004-08-27,1981-11-26
949,Lalo,Caesmans,Budget/Accounting Analyst IV,7,116468.98,2010-06-14,1969-06-04
950,Lorilee,Didball,Health Coach III,9,80888.07,2004-10-20,1957-07-10
951,Lucia,Tanner,Structural Engineer,8,111162.44,2015-11-03,1970-05-12
952,Zarah,Piaggia,Senior Financial Analyst,2,84588.23,2011-09-21,1967-06-11
953,Keelia,Elgy,Financial Advisor,10,46693.88,2019-05-06,1973-06-09
954,Poppy,Yegoshin,Staff Scientist,2,148801.88,2017-07-25,1972-07-20
955,Dalton,Mahy,Human Resources Assistant I,4,27558.48,2015-01-08,1950-05-05
956,Kristopher,Taynton,Junior Executive,9,86913.77,2018-02-23,1949-12-31
957,Jone,Weightman,Budget/Accounting Analyst IV,8,121937.25,2006-05-01,1951-11-04
958,Egon,Powlesland,Research Assistant I,10,130388.7,2021-04-30,1980-03-31
959,Brett,Sonnenschein,Cost Accountant,9,45091.69,2015-07-12,1997-10-19
960,Humfrid,Sivier,Quality Control Specialist,8,71182.06,2010-04-07,1978-09-02
961,Urbano,Hartington,Programmer Analyst I,7,82748.55,2011-10-07,1974-03-25
962,Wendel,Yanin,Systems Administrator III,4,37650.92,2003-12-11,1945-04-08
963,Gabriellia,Lannen,Quality Control Specialist,6,104177.28,2005-08-14,1968-03-15
964,Brittney,Fassbender,GIS Technical Architect,5,87518.15,2013-05-12,1973-05-05
965,Ilse,Brogi,Web Designer III,7,143827.53,2013-11-03,1961-05-03
966,Ari,Mannagh,Nuclear Power Engineer,5,117852.18,2009-11-05,1999-03-23
967,Jules,Charman,Recruiting Manager,6,140057.57,2001-09-25,1980-11-13
968,Daveen,Moen,Social Worker,9,133858.29,2017-03-04,1966-08-04
969,Gabbie,Le Gassick,Environmental Specialist,10,120584.93,2013-04-10,1955-12-24
970,Frank,Saterthwait,Web Designer I,5,75557.62,2016-09-03,1956-08-25
971,Carlynn,Couzens,Automation Specialist I,1,69739.67,2012-09-03,1956-10-24
972,Ware,Dunklee,Environmental Specialist,2,59182.7,2006-08-11,1949-07-24
973,Bard,Kmietsch,Quality Engineer,7,146217.83,2012-03-10,1955-12-03
974,Wernher,Lieber,Chief Design Engineer,2,105175.92,2015-08-26,1986-06-12
975,Raeann,Garrow,Legal Assistant,9,78117.58,2014-11-06,1959-07-24
976,Jeri,Haggus,Recruiter,3,46142.71,2022-03-25,1967-02-24
977,Ninetta,Elstow,Biostatistician I,2,36084.19,2009-07-16,1972-09-11
978,Imojean,Bottrill,Paralegal,4,70394.58,2007-08-07,1943-06-10
979,Brian,Althorp,Biostatistician III,5,27383.17,2012-09-01,1997-06-10
980,Eduino,Kingswold,Computer Systems Analyst III,2,27567.68,2013-01-31,1960-08-09
981,Farleigh,Bradnick,Speech Pathologist,4,15895.81,2009-11-26,1956-10-09
982,Rosella,Birchett,Occupational Therapist,4,144504.77,2001-03-30,1962-12-25
983,Amii,Ruvel,Registered Nurse,6,67437.39,2017-08-31,1975-11-02
984,Margi,Langstrath,Structural Engineer,2,76623.75,2020-12-03,1998-03-01
985,Brandais,Blackater,General Manager,9,120852.02,2001-06-14,1951-02-11
986,Noreen,Alesin,Speech Pathologist,10,69749.59,2021-12-26,1966-01-23
987,Jeannette,Click,Research Assistant I,5,112551.48,2001-07-18,1983-12-10
988,Symon,Hastelow,Developer III,10,93162.77,2004-01-12,1982-06-05
989,Denise,Ryam,Human Resources Assistant I,4,100989.11,2007-12-10,1955-10-30
990,Nanine,Dioniso,Desktop Support Technician,6,73564.89,2010-09-13,1964-12-23
991,Curran,Suttell,Senior Sales Associate,5,112678.11,2010-09-20,1970-10-11
992,Vale,Phillipps,Business Systems Development Analyst,7,15862.74,2009-05-15,1955-01-15
993,Donny,Windley,Media Manager IV,9,89248.88,2003-06-09,1996-07-12
994,Oberon,Moultrie,Web Developer I,3,66782.64,2009-10-01,1959-08-11
995,Robert,Allkins,Chemical Engineer,9,85679.33,2010-03-21,1966-05-11
996,Joellyn,McKleod,Marketing Manager,2,21098.02,2002-01-23,1991-10-12
997,Cordelia,Sentinella,Geologist IV,8,147292.52,2019-07-16,1987-08-24
998,Dionisio,Bletsor,Database Administrator II,6,97477.34,2005-01-08,1980-01-20
999,Xavier,Doggrell,Registered Nurse,4,47379.45,2021-02-12,1978-11-08
1000,Dinny,Kaye,Geological Engineer,4,15249.43,2015-08-30,1945-06-12
